{
    "test": {
        "combined": {
            "loss": []
        },
        "label": {
            "accuracy": [],
            "hits_at_k": [],
            "loss": []
        }
    },
    "training": {
        "combined": {
            "loss": [
                1.5186673402786255,
                1.282015323638916,
                0.9974278807640076,
                0.9481436014175415,
                0.9623194336891174
            ]
        },
        "label": {
            "accuracy": [
                0.3378378450870514,
                0.37837839126586914,
                0.8513513803482056,
                0.6216216087341309,
                0.9054054021835327
            ],
            "hits_at_k": [
                1.0,
                0.7162162065505981,
                1.0,
                1.0,
                1.0
            ],
            "loss": [
                1.5186673402786255,
                1.282015323638916,
                0.9974278807640076,
                0.9481436014175415,
                0.9623194336891174
            ]
        }
    },
    "validation": {
        "combined": {
            "loss": []
        },
        "label": {
            "accuracy": [],
            "hits_at_k": [],
            "loss": []
        }
    }
}