{
    "batch_size": 128,
    "best_eval_metric": Infinity,
    "best_increase_batch_size_eval_metric": Infinity,
    "best_reduce_learning_rate_eval_metric": Infinity,
    "epoch": 5,
    "last_improvement": 0,
    "last_improvement_epoch": 0,
    "last_increase_batch_size": 0,
    "last_increase_batch_size_epoch": 0,
    "last_increase_batch_size_eval_metric_improvement": 0,
    "last_learning_rate_reduction": 0,
    "last_learning_rate_reduction_epoch": 0,
    "last_reduce_learning_rate_eval_metric_improvement": 0,
    "learning_rate": 0.001,
    "num_increases_batch_size": 0,
    "num_reductions_learning_rate": 0,
    "steps": 5,
    "test_metrics": {
        "combined": {
            "loss": []
        },
        "label": {
            "accuracy": [],
            "hits_at_k": [],
            "loss": []
        }
    },
    "train_metrics": {
        "combined": {
            "loss": [
                1.5186673402786255,
                1.282015323638916,
                0.9974278807640076,
                0.9481436014175415,
                0.9623194336891174
            ]
        },
        "label": {
            "accuracy": [
                0.3378378450870514,
                0.37837839126586914,
                0.8513513803482056,
                0.6216216087341309,
                0.9054054021835327
            ],
            "hits_at_k": [
                1.0,
                0.7162162065505981,
                1.0,
                1.0,
                1.0
            ],
            "loss": [
                1.5186673402786255,
                1.282015323638916,
                0.9974278807640076,
                0.9481436014175415,
                0.9623194336891174
            ]
        }
    },
    "vali_metrics": {
        "combined": {
            "loss": []
        },
        "label": {
            "accuracy": [],
            "hits_at_k": [],
            "loss": []
        }
    }
}