{
    "test": {
        "combined": {
            "loss": [
                1.8214225769042969,
                1.3031007051467896,
                1.1785314083099365,
                1.0474156141281128,
                1.0481568574905396
            ]
        },
        "label": {
            "accuracy": [
                0.25,
                0.5,
                0.5,
                0.75,
                0.5
            ],
            "hits_at_k": [
                0.75,
                0.75,
                1.0,
                0.75,
                1.0
            ],
            "loss": [
                1.8214225769042969,
                1.3031007051467896,
                1.1785314083099365,
                1.0474156141281128,
                1.0481568574905396
            ]
        }
    },
    "training": {
        "combined": {
            "loss": [
                1.5761507749557495,
                1.370622992515564,
                1.1725866794586182,
                0.9431432485580444,
                0.9067555069923401
            ]
        },
        "label": {
            "accuracy": [
                0.3378378450870514,
                0.47297295928001404,
                0.5,
                0.8648648858070374,
                0.7162162065505981
            ],
            "hits_at_k": [
                0.8108108043670654,
                0.662162184715271,
                1.0,
                0.9594594836235046,
                1.0
            ],
            "loss": [
                1.5761507749557495,
                1.370622992515564,
                1.1725866794586182,
                0.9431432485580444,
                0.9067555069923401
            ]
        }
    },
    "validation": {
        "combined": {
            "loss": []
        },
        "label": {
            "accuracy": [],
            "hits_at_k": [],
            "loss": []
        }
    }
}