{
    "batch_size": 128,
    "best_eval_metric": Infinity,
    "best_increase_batch_size_eval_metric": Infinity,
    "best_reduce_learning_rate_eval_metric": Infinity,
    "epoch": 100,
    "last_improvement": 0,
    "last_improvement_epoch": 0,
    "last_increase_batch_size": 0,
    "last_increase_batch_size_epoch": 0,
    "last_increase_batch_size_eval_metric_improvement": 0,
    "last_learning_rate_reduction": 0,
    "last_learning_rate_reduction_epoch": 0,
    "last_reduce_learning_rate_eval_metric_improvement": 0,
    "learning_rate": 0.001,
    "num_increases_batch_size": 0,
    "num_reductions_learning_rate": 0,
    "steps": 100,
    "test_metrics": {
        "combined": {
            "loss": []
        },
        "label": {
            "accuracy": [],
            "hits_at_k": [],
            "loss": []
        }
    },
    "train_metrics": {
        "combined": {
            "loss": [
                1.7267543077468872,
                1.235431432723999,
                1.0654592514038086,
                0.9835048913955688,
                1.000632643699646,
                0.9546132683753967,
                0.8431783318519592,
                0.7064725160598755,
                0.5946782231330872,
                0.4385026693344116,
                0.3123064339160919,
                0.21949388086795807,
                0.16593968868255615,
                0.13152912259101868,
                0.08225983381271362,
                0.052206795662641525,
                0.04218871891498566,
                0.037755921483039856,
                0.03295158967375755,
                0.025237170979380608,
                0.01747206598520279,
                0.01341547816991806,
                0.01159894559532404,
                0.008741664700210094,
                0.006783532444387674,
                0.006194541696459055,
                0.005320840515196323,
                0.0041585941798985004,
                0.0032902935054153204,
                0.0021921207662671804,
                0.0012785716680809855,
                0.0013228529132902622,
                0.0014145384775474668,
                0.0013308355119079351,
                0.0012882009614259005,
                0.0011557870311662555,
                0.0010005022631958127,
                0.0009261285304091871,
                0.0007579712546430528,
                0.0006718731019645929,
                0.0006109800888225436,
                0.0005588619387708604,
                0.0005171592347323895,
                0.0004662195860873908,
                0.00044383929343894124,
                0.0004407741653267294,
                0.0004336446581874043,
                0.0004329567891545594,
                0.00047169014578685164,
                0.0005127241602167487,
                0.0005082390271127224,
                0.0005086406017653644,
                0.0005169306532479823,
                0.0004946801345795393,
                0.00046768024913035333,
                0.00044435609015636146,
                0.00041817210149019957,
                0.0003902823373209685,
                0.0003667713899631053,
                0.0003409565833862871,
                0.0003212516021449119,
                0.0002977177791763097,
                0.000279316765954718,
                0.0002646232896950096,
                0.0002532373182475567,
                0.0002419511874904856,
                0.00023369646805804223,
                0.00022821903985459358,
                0.00022499806073028594,
                0.00022359447029884905,
                0.00022366884513758123,
                0.00022519237245433033,
                0.00022446754155680537,
                0.00022155320039018989,
                0.00021713013120461255,
                0.00021268038835842162,
                0.00020819716155529022,
                0.00020412830053828657,
                0.00019876268925145268,
                0.0001874090521596372,
                0.00017756503075361252,
                0.00016859346942510456,
                0.00015666022954974324,
                0.00014741529594175518,
                0.0001400695909978822,
                0.0001313973916694522,
                0.0001245012681465596,
                0.00011912797344848514,
                0.00011430178710725158,
                0.000110415589006152,
                0.00010720900172600523,
                0.00010452760034240782,
                0.00010194569767918438,
                9.963967750081792e-05,
                9.740647510625422e-05,
                9.516909631201997e-05,
                9.31236136239022e-05,
                9.128328383667395e-05,
                8.962162974057719e-05,
                8.808793791104108e-05
            ]
        },
        "label": {
            "accuracy": [
                0.37037035822868347,
                0.40740740299224854,
                0.6111111044883728,
                0.6296296119689941,
                0.9629629850387573,
                0.8888888955116272,
                0.8333333134651184,
                0.9444444179534912,
                1.0,
                1.0,
                1.0,
                1.0,
                1.0,
                1.0,
                1.0,
                1.0,
                1.0,
                1.0,
                1.0,
                1.0,
                1.0,
                1.0,
                1.0,
                1.0,
                1.0,
                1.0,
                1.0,
                1.0,
                1.0,
                1.0,
                1.0,
                1.0,
                1.0,
                1.0,
                1.0,
                1.0,
                1.0,
                1.0,
                1.0,
                1.0,
                1.0,
                1.0,
                1.0,
                1.0,
                1.0,
                1.0,
                1.0,
                1.0,
                1.0,
                1.0,
                1.0,
                1.0,
                1.0,
                1.0,
                1.0,
                1.0,
                1.0,
                1.0,
                1.0,
                1.0,
                1.0,
                1.0,
                1.0,
                1.0,
                1.0,
                1.0,
                1.0,
                1.0,
                1.0,
                1.0,
                1.0,
                1.0,
                1.0,
                1.0,
                1.0,
                1.0,
                1.0,
                1.0,
                1.0,
                1.0,
                1.0,
                1.0,
                1.0,
                1.0,
                1.0,
                1.0,
                1.0,
                1.0,
                1.0,
                1.0,
                1.0,
                1.0,
                1.0,
                1.0,
                1.0,
                1.0,
                1.0,
                1.0,
                1.0,
                1.0
            ],