{
    "batch_size": 128,
    "best_eval_metric": Infinity,
    "best_increase_batch_size_eval_metric": Infinity,
    "best_reduce_learning_rate_eval_metric": Infinity,
    "epoch": 100,
    "last_improvement": 0,
    "last_improvement_epoch": 0,
    "last_increase_batch_size": 0,
    "last_increase_batch_size_epoch": 0,
    "last_increase_batch_size_eval_metric_improvement": 0,
    "last_learning_rate_reduction": 0,
    "last_learning_rate_reduction_epoch": 0,
    "last_reduce_learning_rate_eval_metric_improvement": 0,
    "learning_rate": 0.001,
    "num_increases_batch_size": 0,
    "num_reductions_learning_rate": 0,
    "steps": 100,
    "test_metrics": {
        "combined": {
            "loss": []
        },
        "label": {
            "accuracy": [],
            "hits_at_k": [],
            "loss": []
        }
    },
    "train_metrics": {
        "combined": {
            "loss": [
                1.5186673402786255,
                1.282015323638916,
                0.9974278807640076,
                0.9481436014175415,
                0.9623194336891174,
                0.9378595948219299,
                0.801410436630249,
                0.6286020278930664,
                0.46492984890937805,
                0.33497676253318787,
                0.2311934381723404,
                0.1648450493812561,
                0.11066687852144241,
                0.07603571563959122,
                0.056516993790864944,
                0.04155596345663071,
                0.02970893681049347,
                0.024629393592476845,
                0.020365074276924133,
                0.019122326746582985,
                0.012258882634341717,
                0.009642652235925198,
                0.008850622922182083,
                0.008238849230110645,
                0.006778647191822529,
                0.0067124394699931145,
                0.0065909819677472115,
                0.004292771220207214,
                0.004112611524760723,
                0.005779685918241739,
                0.008371738716959953,
                0.006923346314579248,
                0.0027963859029114246,
                0.00473849568516016,
                0.0062265233136713505,
                0.003501296043395996,
                0.002637001220136881,
                0.0018131230026483536,
                0.0016937986947596073,
                0.0015578134916722775,
                0.0016005259240046144,
                0.001738735125400126,
                0.0019083301303908229,
                0.001858974457718432,
                0.002021290361881256,
                0.001985668670386076,
                0.001850044820457697,
                0.0012390190968289971,
                0.000983978621661663,
                0.0009653328452259302,
                0.0011548864422366023,
                0.0015617447206750512,
                0.0017917145742103457,
                0.002007685834541917,
                0.001629868522286415,
                0.0013343814061954618,
                0.0011065717553719878,
                0.0009399217669852078,
                0.0008180431905202568,
                0.0007223511929623783,
                0.0005199494771659374,
                0.00042453600326552987,
                0.00038353150011971593,
                0.00036791962338611484,
                0.00036550682852976024,
                0.00037448640796355903,
                0.00038767571095377207,
                0.00039297796320170164,
                0.0003920374729204923,
                0.00038988690357655287,
                0.0003891100932378322,
                0.0003878036222886294,
                0.0003817485412582755,
                0.00037474717828445137,
                0.00036626230576075613,
                0.0003550379478838295,
                0.0003432167577557266,
                0.000330202718032524,
                0.0003161434724461287,
                0.0002982514852192253,
                0.0002818659122567624,
                0.0002668348024599254,
                0.00024904587189666927,
                0.00023363198852166533,
                0.0002201283787144348,
                0.0002089091285597533,
                0.00019717009854502976,
                0.00018716273189056665,
                0.0001781017053872347,
                0.00016969582065939903,
                0.0001620587718207389,
                0.00015516056737396866,
                0.00014940839901100844,
                0.00014258678129408509,
                0.00013653274800162762,
                0.00013322212907951325,
                0.00013239722466096282,
                0.0001335407141596079,
                0.00014042154361959547,
                0.0001419747859472409
            ]
        },
        "label": {
            "accuracy": [
                0.3378378450870514,
                0.37837839126586914,
                0.8513513803482056,
                0.6216216087341309,
                0.9054054021835327,
                0.9864864945411682,
                0.9864864945411682,
                0.9864864945411682,
                0.9864864945411682,
                1.0,
                0.9864864945411682,
                0.9864864945411682,
                0.9864864945411682,
                1.0,
                1.0,
                1.0,
                1.0,
                1.0,
                1.0,
                1.0,
                1.0,
                1.0,
                1.0,
                1.0,
                1.0,
                1.0,
                1.0,
                1.0,
                1.0,
                1.0,
                1.0,
                1.0,
                1.0,
                1.0,
                1.0,
                1.0,
                1.0,
                1.0,
                1.0,
                1.0,
                1.0,
                1.0,
                1.0,
                1.0,
                1.0,
                1.0,
                1.0,
                1.0,
                1.0,
                1.0,
                1.0,
                1.0,
                1.0,
                1.0,
                1.0,
                1.0,
                1.0,
                1.0,
                1.0,
                1.0,
                1.0,
                1.0,
                1.0,
                1.0,
                1.0,
                1.0,
                1.0,
                1.0,
                1.0,
                1.0,
                1.0,
                1.0,
                1.0,
                1.0,
                1.0,
                1.0,
                1.0,
                1.0,
                1.0,
                1.0,
                1.0,
                1.0,
                1.0,
                1.0,
                1.0,
                1.0,
                1.0,
                1.0,
                1.0,
                1.0,
                1.0,
                1.0,
                1.0,
                1.0,
                1.0,
                1.0,
                1.0,
                1.0,
                1.0,
                1.0
            ],